Colná sadzba;Krajina Pôvodu;Súčet Hrubá Hmotnosť;Súčet Čistá Hmotnosť;Súčet Počet Kusov;Súčet Celková Cena
85065090;CZ;1.561;1.37;10.0;151.9
85311030;CN;54.745999999999995;48.185;211.0;8912.460000000001
85311030;CZ;19.012;16.655;152.0;4508.49
Zľava;NEŠPECIFIKOVANÁ;0.0;0.0;0.0;-24.0
Spolu;;75.31899999999999;66.21000000000001;373.0;13548.85
